NOMBRE EN LA BdeD,#Phase,Normalized_Phase
Iden_embarazoMultiple,0.0,0
CP_Prematuro,0.0,0
Iden_Codigo,0.0,0
Iden_Sede,0.0,0
Iden_FechaParto,0.0,0
AC_CirujiaSeno,1.0,0
edadmatcat,1.0,0
educmadresimplificada,1.0,0
educpadresimplificada,1.0,0
CP_PesoMadre,1.0,0
CP_PesoPadre,1.0,0
CP_rhMadre,1.0,0
CP_TallaMadre,1.0,0
CP_TallaPadre,1.0,0
CSP_DistanciaVivienda,1.0,0
CSP_EscolaridadMadre,1.0,0
CSP_EscolaridadPadre,1.0,0
CSP_IngresoMensual,1.0,0
CSP_Menores5vivenMadre,1.0,0
CSP_MesTabajoEmba,1.0,0
ninosmenosde5anos,1.0,0
CSP_numPersVivenIngMen,1.0,0
CSP_NutricionFam,1.0,0
percapindic,1.0,0
percapita,1.0,0
CSP_SituacionLaboralMadre,1.0,0
CSP_SituacionLaboralPadre,1.0,0
CSP_SituaPareja,1.0,0
SSalud,1.0,0
CSP_TipoVivienda,1.0,0
CP_ARO,2.0,0
AROCAT02,2.0,0
controlcat,2.0,0
corticodosis,2.0,0
corticoprenatalmenos34,2.0,0
corticoprenatalsimple,2.0,0
CP_DIU,2.0,0
ecocat,2.0,0
CP_EcoPrimerTrimestre,2.0,0
CP_Ectopico,2.0,0
CP_edadmaterna,2.0,0
embarazoplanifDIU,2.0,0
embarazoplanifhormonal,2.0,0
embbajoplanificacion,2.0,0
CP_EnfermeraJefe,2.0,0
ERN_FUM,2.0,0
CP_HospitalizacionEmbarazoAccidentes,2.0,0
CP_HospitalizacionEmbarazoAnemia,2.0,0
CP_HospitalizacionEmbarazoAPP,2.0,0
CP_HospitalizacionEmbarazoEclampsia,2.0,0
CP_HospitalizacionEmbarazoEnfermedadRespiratoria,2.0,0
CP_HospitalizacionEmbarazoInfeccionGinecologica,2.0,0
CP_HospitalizacionEmbarazoInfeccionUrinaria,2.0,0
CP_HospitalizacionEmbarazoPreeclampsia,2.0,0
CP_HospitalizacionEmbarazoSangrado,2.0,0
CP_HospitalizacionesPreParto,2.0,0
CP_MadreAlcohol,2.0,0
CP_MadreDrogas,2.0,0
CP_MadreFumo,2.0,0
CP_Medicamentos,2.0,0
CP_MesInicCP,2.0,0
CP_Mortinato,2.0,0
CP_NacidoVivo,2.0,0
CP_NumEcografias,2.0,0
CP_Hormonales,2.0,0
CP_Gestacion,2.0,0
CP_EstuvoHosp,2.0,0
pdpcat,2.0,0
CP_Paridad,2.0,0
CP_PartoCesarea,2.0,0
CP_MedGeneral,2.0,0
RELACIONAROSOBRETOTALCONSULTAS,2.0,0
CP_SA_Anemia,2.0,0
CP_SA_APP,2.0,0
CP_SA_EnfRespiratoria,2.0,0
CP_SA_InfGineco,2.0,0
CP_SA_InfUrinaria,2.0,0
CP_SA_Preclampsia,2.0,0
CP_SA_RPM,2.0,0
CP_SA_Sangrado,2.0,0
Sufrimientofetalcronico,2.0,0
CP_TotalCPN,2.0,0
toxemia,2.0,0
CP_TP_HepatitisB,2.0,0
CP_TP_HIV,2.0,0
CP_TP_Orina,2.0,0
CP_TP_Rubeola,2.0,0
CP_TP_Sifilis,2.0,0
CP_TP_Toxoplasmosis,2.0,0
trimestre,2.0,0
CSP_EmbarazoDeseado,2.0,0
anemiamadre,2.0,0
AC_AdapSeno,3.0,0
AC_AdmGoteo,3.0,0
AC_ApoyoLactancia,3.0,0
AC_CansaNinoChupando,3.0,0
AC_MadreAmamanta,3.0,0
RCIUPCentrada,3.0,0
RCIUpesoFentonentrada,3.0,0
RCIUtallaentrada,3.0,0
ERN_PC,3.0,0
ERN_Peso,3.0,0
ERN_Talla,3.0,0
ERN_AdaptNeonatal,3.0,0
anoxia5mn,3.0,0
ERN_A_10min,3.0,0
ERN_A_1min,3.0,0
ERN_A_5min,3.0,0
apgarcat1,3.0,0
apgarcat5,3.0,0
BPN,3.0,0
ERN_Ballard,3.0,0
ERN_Eco,3.0,0
V7,3.0,0
gestacat,3.0,0
INFECCIONOSOCOMIAL,3.0,0
ERN_LubchencoFenton,3.0,0
menosde1001,3.0,0
menosde31sem,3.0,0
Nearterm,3.0,0
pesocat,3.0,0
PESO1500G,3.0,0
RCIUfentonpesotalla,3.0,0
RCIUfentonpesotallaPC,3.0,0
RCIUPC,3.0,0
RCIUpesoFenton,3.0,0
RCIUtalla,3.0,0
ERN_Remision,3.0,0
ERN_sepsis,3.0,0
ERN_Sexo,3.0,0
HD_DiasAlojamiento,3.0,0
DIASTOT08,3.0,0
hosp,3.0,0
ANOCAT,3.0,0
PA_AtendioParto,3.0,0
cesarea,3.0,0
PA_ComplicacionsPartoAbrupcio,3.0,0
PA_ComplicacionsPartoAmnionitis,3.0,0
PA_ComplicacionsPartoEclampsia,3.0,0
PA_ComplicacionsPartoMultiples,3.0,0
PA_ComplicacionsPartoPatologIaCordOn,3.0,0
PA_ComplicacionsPartoPlacentaPrevia,3.0,0
PA_ComplicacionsPartoPreeclampsia,3.0,0
PA_ComplicacionsPartoSindromedehellp,3.0,0
PA_DiasHospiMadre,3.0,0
PA_DiasUCIMadre,3.0,0
PA_DuracionRPM,3.0,0
PA_DuracionTraParto,3.0,0
PA_EstActualMadre,3.0,0
tuvotransfusiones,3.0,0
UCI,3.0,0
UCIsinsoporteventilatorio,3.0,0
PA_LiqAmnioticoMeconiado,3.0,0
PA_LugarNacimiento,3.0,0
PA_Monitoreo,3.0,0
PA_MovimientoDisminuido,3.0,0
PA_NumDosisCorticoides,3.0,0
PA_PresentacionNino,3.0,0
primipara,3.0,0
PA_RitmoCardiaco,3.0,0
PA_SufrimientoFetalAgudo,3.0,0
PA_TipoParto,3.0,0
CONSULT08,3.0,0
ecocerebral,3.0,0
REHOSP08,3.0,0
rehosp40,3.0,0
AC_DiasPosCanguro,,0
AC_EnsePosCangu,,0
AC_EntrenoOtroCuidador,,0
AC_LugarAC,,0
AC_MaxHorasLogroCargar,,0
problemaneurologico,,0
AC_RecibioChupo,,0
AC_SillaIncubadora,,0
AC_SoportePosicionC,,0
AC_ExtraSeno,,0
AC_UnidadAbierta,,0
HD_C_Apnea,,0
HD_C_Convulsiones,,0
HD_C_DisplasiaBronco,,0
HD_C_ExamenNeurologico,,0
HD_C_HemorragiaIntra,,0
HD_C_Hipoglicemia,,0
HD_C_Ictericia,,0
HD_C_OxigenoDependencia,,0
HD_CicloAntibio,,0
HD_CiclosOtroAntibio,,0
HD_CiclosUltimaLinea,,0
cpapsola,,0
HD_DiasAlimentacionPar,,0
HD_DiasCamaraCefalica,,0
HD_DiasCanulaNasa,,0
HD_DiasFototerapia,,0
HD_DiasIncubadora,,0
HD_DiasOxigeno,,0
HD_DiasUCI,,0
HD_DiasURN,,0
HD_DiasVenMecanica,,0
HD_DiasVenNoInvasiva,,0
HD_DosisAmino,,0
HD_DosisSurfactante,,0
V196,,0
HD_ExamenesGenetico,,0
HD_ExamenesHepatitisB,,0
HD_ExamenesHIV,,0
HD_ExamenesRMICerebral,,0
HD_ExamenesRubeola,,0
HD_ExamenesSifilis,,0
HD_ExamenesToxoplasmosis,,0
HD_ExamenesTSH_Tiroides,,0
HD_FechaEntrada,,0
HD_FechaSalida,,0
HD_FechaUltimaTrans,,0
gestasal,,0
indicadorHICentrada,,0
HD_Infecciones,,0
HD_ExamenesEcocardiograma,,0
HD_ExamenesEcografiacerebral,,0
HD_ExamenesExamendeorina,,0
HD_PesoSalida,,0
recibioantibioticos,,0
HD_RhNino,,0
V206,,0
V204A,,0
V205,,0
V207,,0
surfactante,,0
HD_TipoAlimentacionS,,0
tipoventilacion,,0
HD_TotalDiasHospital,,0
HD_UltimValorHemaglobina,,0
HD_UltiValorHematocrito,,0
HD_ValorMasAltoBilirubina,,0
ventilacionmixta,,0
ventilacionsola,,0
V236J,,0
ALIMENTAPARENTERAL,,0
alisalida,,0
V199,,0
V197,,0
V198,,0
V201,,0
V203,,0
V200,,0
V202,,0
CSP_AyudaPerm1mes,,0
V209,,0
V196E,,0
V196F,,0
V196D,,0
egestasalPC,,0
EGentradaPMC,,0
V195B,,0
V195A,,0
V196A,,0
V208,,0
V204,,0
V195Bb,,0
V196B,,0
HD_NumTrasSanguineas,,0
V195,,0
V196C,,0
oxigenoalaentrada,,0
pesodesteteoxigeno,,0
pesosalPC,,0
V243,4.0,4
V220,4.0,4
V218,4.0,4
V236I,4.0,4
V219,4.0,4
V246,4.0,4
V228,4.0,4
DIASTOT09,4.0,4
V237,4.0,4
V238,4.0,4
V253,4.0,4
NEURO40,4.0,4
V247,4.0,4
algoLM40sem,4.0,4
ali40,4.0,4
V225,4.0,4
V223,4.0,4
V221,4.0,4
V222,4.0,4
V227,4.0,4
V224,4.0,4
V226,4.0,4
V236B,4.0,4
V236D,4.0,4
Indexnutricion40sem,4.0,4
LME40,4.0,4
V236A,4.0,4
V236E,4.0,4
Nutpcwho40,4.0,4
Nutpesowho40,4.0,4
Nuttallawho40,4.0,4
V236C,4.0,4
V229,4.0,4
V231,4.0,4
V230,4.0,4
V217,4.0,4
V233,4.0,4
V216,4.0,4
V232,4.0,4
V215,4.0,4
V236,4.0,4
V235A,4.0,4
V235,4.0,4
V234,4.0,4
V241,4.0,4
V244B,4.0,4
CONSULT09,4.0,4
V236G,4.0,4
V244,4.0,4
V239,4.0,4
V252,4.0,4
V242,4.0,4
V244A,4.0,4
V244C,4.0,4
mortalidadhasta40sem,4.0,4
V240,4.0,4
V236L,4.0,4
V236K,4.0,4
oftalmologia,4.0,4
oftalmopato,4.0,4
V245,4.0,4
V254,4.0,4
V248,4.0,4
V236F,4.0,4
REHOSP09,4.0,4
V249,4.0,4
V250,4.0,4
V251,4.0,4
vacunas40semBCG,4.0,4
vacunas40semHepB,4.0,4
vino40,4.0,4
V263,5.0,5
V261,5.0,5
V262,5.0,5
V270,5.0,5
DIASTOT10,5.0,5
V277,5.0,5
V279,5.0,5
V278,5.0,5
V276,5.0,5
V280,5.0,5
V290,5.0,5
infanib3m,5.0,5
algoLM3meses,5.0,5
ali3m,5.0,5
V268,5.0,5
V266,5.0,5
V264,5.0,5
V265,5.0,5
V269,5.0,5
V267,5.0,5
LME3m,5.0,5
Nutpesowho3,5.0,5
Nuttallawho3,5.0,5
Nutpcwho3,5.0,5
V272,5.0,5
V271,5.0,5
V274,5.0,5
V273,5.0,5
V296,5.0,5
V291,5.0,5
V295,5.0,5
V275A,5.0,5
V286,5.0,5
audiometriapato,5.0,5
V300,5.0,5
CONSULT10,5.0,5
V275E,5.0,5
V275F,5.0,5
V275H,5.0,5
V260,5.0,5
V289,5.0,5
V259,5.0,5
V298,5.0,5
V299,5.0,5
V275B,5.0,5
V287,5.0,5
V293,5.0,5
V285,5.0,5
V301C,5.0,5
V282,5.0,5
V281,5.0,5
V284,5.0,5
V283,5.0,5
V301A,5.0,5
V275,5.0,5
optometriapato,5.0,5
V288,5.0,5
V275C,5.0,5
V275D,5.0,5
V294,5.0,5
V275G,5.0,5
V297,5.0,5
V301D,5.0,5
REHOSP10,5.0,5
V301B,5.0,5
V301,5.0,5
V292,5.0,5
vino3m,5.0,5
V306,6.0,6
V304,6.0,6
V305,6.0,6
V315,6.0,6
DIASTOT11,6.0,6
V319,6.0,6
V321,6.0,6
V320,6.0,6
V318,6.0,6
V322,6.0,6
CD6,6.0,6
V344,6.0,6
V344C,6.0,6
V332,6.0,6
infanib6m,6.0,6
IQ6cat,6.0,6
V344B,6.0,6
algoLM6meses,6.0,6
ali6m,6.0,6
V311,6.0,6
V312,6.0,6
V314,6.0,6
V309,6.0,6
V307,6.0,6
V308,6.0,6
V313,6.0,6
V310,6.0,6
LME6m,6.0,6
Nutpcwho6,6.0,6
Nutpesowho6,6.0,6
Nuttallawho6,6.0,6
V338,6.0,6
V333,6.0,6
V337,6.0,6
V317A,6.0,6
V328,6.0,6
V342,6.0,6
CONSULT11,6.0,6
V317E,6.0,6
V317F,6.0,6
V317H,6.0,6
V303,6.0,6
V331,6.0,6
V302,6.0,6
V340,6.0,6
V341,6.0,6
V317B,6.0,6
V329,6.0,6
V335,6.0,6
V327,6.0,6
V316,6.0,6
V343B,6.0,6
V324,6.0,6
V323,6.0,6
V326,6.0,6
V325,6.0,6
V344A,6.0,6
V317,6.0,6
V330,6.0,6
V317C,6.0,6
V317D,6.0,6
V336,6.0,6
V317G,6.0,6
V339,6.0,6
V344D,6.0,6
REHOSP11,6.0,6
V343A,6.0,6
rsm6m,6.0,6
V343,6.0,6
V334,6.0,6
vino6m,6.0,6
V349,7.0,7
V347,7.0,7
V348,7.0,7
V358,7.0,7
DIASTOT12,7.0,7
V362,7.0,7
V364,7.0,7
V363,7.0,7
V361,7.0,7
V365,7.0,7
V375,7.0,7
infanib9m,7.0,7
ali9m,7.0,7
V354,7.0,7
V355,7.0,7
V357,7.0,7
V352,7.0,7
V350,7.0,7
V351,7.0,7
V356,7.0,7
V353,7.0,7
Nutpcwho9,7.0,7
Nutpesowho9,7.0,7
Nuttallawho9,7.0,7
V381,7.0,7
V376,7.0,7
V380,7.0,7
V360A,7.0,7
V371,7.0,7
V385,7.0,7
CONSULT12,7.0,7
V360E,7.0,7
V360F,7.0,7
V360H,7.0,7
V346,7.0,7
V374,7.0,7
V345,7.0,7
V383,7.0,7
V384,7.0,7
V360B,7.0,7
V372,7.0,7
V378,7.0,7
V370,7.0,7
V359,7.0,7
V386B,7.0,7
V367,7.0,7
V366,7.0,7
V369,7.0,7
V368,7.0,7
V386D,7.0,7
V360,7.0,7
V373,7.0,7
V360C,7.0,7
V360D,7.0,7
V379,7.0,7
V360G,7.0,7
V382,7.0,7
V386C,7.0,7
REHOSP12,7.0,7
rehosp40a12meses,7.0,7
ROP,7.0,7
ROPciego,7.0,7
ROPcirugia,7.0,7
V386A,7.0,7
V386,7.0,7
V377,7.0,7
vino9m,7.0,7
V391,8.0,8
V389,8.0,8
V390,8.0,8
V400,8.0,8
V8,8.0,8
V404,8.0,8
V406,8.0,8
V405,8.0,8
V403,8.0,8
V407,8.0,8
CD12,8.0,8
V429,8.0,8
V429A,8.0,8
V430C,8.0,8
V417,8.0,8
infanib12m,8.0,8
IQ12cat,8.0,8
V430,8.0,8
V430B,8.0,8
ali12m,8.0,8
V396,8.0,8
V397,8.0,8
V399,8.0,8
V394,8.0,8
V392,8.0,8
V393,8.0,8
V398,8.0,8
V395,8.0,8
indexnutricion12meses,8.0,8
Nutpcwho12,8.0,8
Nutpesowho12,8.0,8
Nuttallawho12,8.0,8
V423,8.0,8
V418,8.0,8
V422,8.0,8
V402A,8.0,8
V413,8.0,8
audiometria,8.0,8
V427,8.0,8
desercioncat,8.0,8
Desercionreal12meses,8.0,8
V10A,8.0,8
V402E,8.0,8
V402F,8.0,8
V402H,8.0,8
V10,8.0,8
V388,8.0,8
V416,8.0,8
vacunas12mHepB,8.0,8
vacunas12mneumo,8.0,8
vacunas12mrota,8.0,8
V10C,8.0,8
examenneurodurante12meses,8.0,8
V387,8.0,8
V425,8.0,8
V426,8.0,8
V402B,8.0,8
V414,8.0,8
indexvacuna12m,8.0,8
indexvacuna12msinMMR,8.0,8
V420,8.0,8
V412,8.0,8
mortalidad40sem12meses,8.0,8
V10B,8.0,8
motivosimplificadosdesercion,8.0,8
MUERTE1ANO,8.0,8
V10D,8.0,8
V401,8.0,8
V428B,8.0,8
V409,8.0,8
V408,8.0,8
V411,8.0,8
V410,8.0,8
V430A,8.0,8
V402,8.0,8
V415,8.0,8
V402C,8.0,8
V402D,8.0,8
V421,8.0,8
vacunas12mpenta,8.0,8
V402G,8.0,8
V424,8.0,8
V430B1,8.0,8
resptometria,8.0,8
riesgoPC12m,8.0,8
V428A,8.0,8
rsm12m,8.0,8
V428,8.0,8
V419,8.0,8
vacunas12mBCG,8.0,8
vacunas12mMMR,8.0,8
vino12m,8.0,8
,,0
,,0
,,0
,,0
,,0
,,0
